review_id,product_id,text,rating,account_age_days,verified_purchase,multiple_ips,label
0,PROD_008,"I've been using this for a week now, and the battery life is impressive. The interface is intuitive as well.",3,1025,1,0,0
1,PROD_014,"It's a decent product for the price. Not the best in class, but definitely reliable enough for basic tasks.",3,1085,1,0,0
2,PROD_010,"The build quality is excellent, and it arrived much faster than expected. Highly recommended for daily use.",4,1884,1,0,0
3,PROD_006,"I've been using this for a week now, and the battery life is impressive. The interface is intuitive as well.",4,1378,1,0,0
4,PROD_011,TOTAL WASTE OF MONEY. DO NOT BUY. FRAUD SELLER. BROKE IN ONE DAY. TERRIBLE.,1,14,0,0,1
5,PROD_012,BEST PRODUCT EVER!!! AMAZING QUALITY. BUY IT NOW YOU WONT REGRET IT!!!! BEST SELLER.,1,13,0,1,1
6,PROD_007,"I've been using this for a week now, and the battery life is impressive. The interface is intuitive as well.",4,997,1,0,0
7,PROD_018,"Exactly as described. The packaging was secure, and the item works perfectly without any setup issues.",4,1137,1,0,0
8,PROD_011,BEST PRODUCT EVER!!! AMAZING QUALITY. BUY IT NOW YOU WONT REGRET IT!!!! BEST SELLER.,1,4,0,0,1
9,PROD_008,I am so happy with this purchase. It is the most beautiful thing I have ever seen in my life.,5,3,1,0,1
10,PROD_014,"A bit expensive compared to alternatives, but the performance justifies the cost. Solid choice.",3,1659,1,0,0
11,PROD_014,"I've been using this for a week now, and the battery life is impressive. The interface is intuitive as well.",3,1940,1,0,0
12,PROD_011,"I've been using this for a week now, and the battery life is impressive. The interface is intuitive as well.",4,669,1,0,0
13,PROD_016,"It's a decent product for the price. Not the best in class, but definitely reliable enough for basic tasks.",2,1163,1,0,0
14,PROD_005,"A bit expensive compared to alternatives, but the performance justifies the cost. Solid choice.",5,1914,1,0,0
15,PROD_018,"A bit expensive compared to alternatives, but the performance justifies the cost. Solid choice.",2,941,1,0,0
16,PROD_012,WOW WOW WOW. UNBELIEVABLE QUALITY. FIVE STARS. BEST BEST BEST.,1,5,0,1,1
17,PROD_004,Super excellence. Many good things. I like it very much. Very very very good quality.,5,8,0,1,1
18,PROD_006,"It's a decent product for the price. Not the best in class, but definitely reliable enough for basic tasks.",4,153,1,0,0
19,PROD_002,"Exactly as described. The packaging was secure, and the item works perfectly without any setup issues.",4,427,1,0,0
20,PROD_016,"A bit expensive compared to alternatives, but the performance justifies the cost. Solid choice.",4,1101,1,0,0
21,PROD_007,WOW WOW WOW. UNBELIEVABLE QUALITY. FIVE STARS. BEST BEST BEST.,5,8,0,1,1
22,PROD_000,I am so happy with this purchase. It is the most beautiful thing I have ever seen in my life.,1,5,1,1,1
23,PROD_002,"I've been using this for a week now, and the battery life is impressive. The interface is intuitive as well.",3,1642,1,0,0
24,PROD_003,BEST PRODUCT EVER!!! AMAZING QUALITY. BUY IT NOW YOU WONT REGRET IT!!!! BEST SELLER.,5,10,0,1,1
25,PROD_016,"The build quality is excellent, and it arrived much faster than expected. Highly recommended for daily use.",3,635,1,0,0
26,PROD_004,"I've been using this for a week now, and the battery life is impressive. The interface is intuitive as well.",4,594,1,0,0
27,PROD_011,"Exactly as described. The packaging was secure, and the item works perfectly without any setup issues.",4,185,1,0,0
28,PROD_013,WOW WOW WOW. UNBELIEVABLE QUALITY. FIVE STARS. BEST BEST BEST.,5,3,0,1,1
29,PROD_002,"The build quality is excellent, and it arrived much faster than expected. Highly recommended for daily use.",4,1993,0,0,0
30,PROD_015,WOW WOW WOW. UNBELIEVABLE QUALITY. FIVE STARS. BEST BEST BEST.,5,5,0,1,1
31,PROD_012,"The build quality is excellent, and it arrived much faster than expected. Highly recommended for daily use.",3,1246,1,0,0
32,PROD_010,I am so happy with this purchase. It is the most beautiful thing I have ever seen in my life.,5,5,0,0,1
33,PROD_013,"The build quality is excellent, and it arrived much faster than expected. Highly recommended for daily use.",5,501,1,0,0
34,PROD_008,"A bit expensive compared to alternatives, but the performance justifies the cost. Solid choice.",4,1849,1,0,0
35,PROD_017,"A bit expensive compared to alternatives, but the performance justifies the cost. Solid choice.",4,713,1,0,0
36,PROD_005,BEST PRODUCT EVER!!! AMAZING QUALITY. BUY IT NOW YOU WONT REGRET IT!!!! BEST SELLER.,1,1,1,0,1
37,PROD_015,"I've been using this for a week now, and the battery life is impressive. The interface is intuitive as well.",4,531,1,0,0
38,PROD_001,"A bit expensive compared to alternatives, but the performance justifies the cost. Solid choice.",4,1879,1,0,0
39,PROD_012,"The build quality is excellent, and it arrived much faster than expected. Highly recommended for daily use.",3,1751,1,0,0
40,PROD_007,BEST PRODUCT EVER!!! AMAZING QUALITY. BUY IT NOW YOU WONT REGRET IT!!!! BEST SELLER.,5,1,0,1,1
41,PROD_006,"A bit expensive compared to alternatives, but the performance justifies the cost. Solid choice.",4,706,1,0,0
42,PROD_007,Super excellence. Many good things. I like it very much. Very very very good quality.,5,5,0,0,1
43,PROD_009,I am so happy with this purchase. It is the most beautiful thing I have ever seen in my life.,1,3,0,0,1
44,PROD_013,TOTAL WASTE OF MONEY. DO NOT BUY. FRAUD SELLER. BROKE IN ONE DAY. TERRIBLE.,5,6,0,1,1
45,PROD_015,"Exactly as described. The packaging was secure, and the item works perfectly without any setup issues.",2,308,1,0,0
46,PROD_008,"It's a decent product for the price. Not the best in class, but definitely reliable enough for basic tasks.",3,418,1,0,0
47,PROD_017,"Exactly as described. The packaging was secure, and the item works perfectly without any setup issues.",4,748,1,0,0
48,PROD_002,Super excellence. Many good things. I like it very much. Very very very good quality.,5,12,1,1,1
49,PROD_011,TOTAL WASTE OF MONEY. DO NOT BUY. FRAUD SELLER. BROKE IN ONE DAY. TERRIBLE.,1,10,0,0,1
50,PROD_017,BEST PRODUCT EVER!!! AMAZING QUALITY. BUY IT NOW YOU WONT REGRET IT!!!! BEST SELLER.,5,14,1,1,1
51,PROD_011,"It's a decent product for the price. Not the best in class, but definitely reliable enough for basic tasks.",4,1184,1,0,0
52,PROD_019,"The build quality is excellent, and it arrived much faster than expected. Highly recommended for daily use.",4,1435,1,0,0
53,PROD_005,"A bit expensive compared to alternatives, but the performance justifies the cost. Solid choice.",5,527,1,0,0
54,PROD_000,"I've been using this for a week now, and the battery life is impressive. The interface is intuitive as well.",3,1607,1,0,0
55,PROD_016,"The build quality is excellent, and it arrived much faster than expected. Highly recommended for daily use.",4,1837,1,0,0
56,PROD_001,"I've been using this for a week now, and the battery life is impressive. The interface is intuitive as well.",4,1774,1,0,0
57,PROD_014,Super excellence. Many good things. I like it very much. Very very very good quality.,5,12,1,0,1
58,PROD_010,"Exactly as described. The packaging was secure, and the item works perfectly without any setup issues.",3,1188,1,0,0
59,PROD_017,"Exactly as described. The packaging was secure, and the item works perfectly without any setup issues.",3,363,1,0,0
60,PROD_012,BEST PRODUCT EVER!!! AMAZING QUALITY. BUY IT NOW YOU WONT REGRET IT!!!! BEST SELLER.,5,1,0,1,1
61,PROD_000,"A bit expensive compared to alternatives, but the performance justifies the cost. Solid choice.",4,743,1,0,0
62,PROD_006,"A bit expensive compared to alternatives, but the performance justifies the cost. Solid choice.",4,136,1,0,0
63,PROD_010,"The build quality is excellent, and it arrived much faster than expected. Highly recommended for daily use.",3,778,1,0,0
64,PROD_000,"It's a decent product for the price. Not the best in class, but definitely reliable enough for basic tasks.",4,1221,1,0,0
65,PROD_016,"I've been using this for a week now, and the battery life is impressive. The interface is intuitive as well.",3,741,1,0,0
66,PROD_003,TOTAL WASTE OF MONEY. DO NOT BUY. FRAUD SELLER. BROKE IN ONE DAY. TERRIBLE.,5,2,0,1,1
67,PROD_000,I am so happy with this purchase. It is the most beautiful thing I have ever seen in my life.,5,3,0,1,1
68,PROD_004,Super excellence. Many good things. I like it very much. Very very very good quality.,1,7,0,1,1
69,PROD_019,"A bit expensive compared to alternatives, but the performance justifies the cost. Solid choice.",4,1944,1,0,0
70,PROD_002,"It's a decent product for the price. Not the best in class, but definitely reliable enough for basic tasks.",4,171,0,0,0
71,PROD_005,Super excellence. Many good things. I like it very much. Very very very good quality.,5,2,0,1,1
72,PROD_001,"I've been using this for a week now, and the battery life is impressive. The interface is intuitive as well.",4,399,1,0,0
73,PROD_006,TOTAL WASTE OF MONEY. DO NOT BUY. FRAUD SELLER. BROKE IN ONE DAY. TERRIBLE.,1,7,0,1,1
74,PROD_016,"A bit expensive compared to alternatives, but the performance justifies the cost. Solid choice.",3,868,1,0,0
75,PROD_019,"Exactly as described. The packaging was secure, and the item works perfectly without any setup issues.",4,1213,1,0,0
76,PROD_013,"I've been using this for a week now, and the battery life is impressive. The interface is intuitive as well.",5,805,1,0,0
77,PROD_004,WOW WOW WOW. UNBELIEVABLE QUALITY. FIVE STARS. BEST BEST BEST.,5,7,0,1,1
78,PROD_009,BEST PRODUCT EVER!!! AMAZING QUALITY. BUY IT NOW YOU WONT REGRET IT!!!! BEST SELLER.,5,5,0,1,1
79,PROD_008,"Exactly as described. The packaging was secure, and the item works perfectly without any setup issues.",3,514,1,0,0
80,PROD_016,"Exactly as described. The packaging was secure, and the item works perfectly without any setup issues.",3,568,1,0,0
81,PROD_014,"It's a decent product for the price. Not the best in class, but definitely reliable enough for basic tasks.",3,821,1,0,0
82,PROD_008,"Exactly as described. The packaging was secure, and the item works perfectly without any setup issues.",4,1698,1,0,0
83,PROD_010,"I've been using this for a week now, and the battery life is impressive. The interface is intuitive as well.",4,295,1,0,0
84,PROD_004,TOTAL WASTE OF MONEY. DO NOT BUY. FRAUD SELLER. BROKE IN ONE DAY. TERRIBLE.,5,7,1,1,1
85,PROD_018,BEST PRODUCT EVER!!! AMAZING QUALITY. BUY IT NOW YOU WONT REGRET IT!!!! BEST SELLER.,5,1,0,1,1
86,PROD_013,"Exactly as described. The packaging was secure, and the item works perfectly without any setup issues.",5,1456,1,0,0
87,PROD_013,BEST PRODUCT EVER!!! AMAZING QUALITY. BUY IT NOW YOU WONT REGRET IT!!!! BEST SELLER.,5,14,0,0,1
88,PROD_016,"It's a decent product for the price. Not the best in class, but definitely reliable enough for basic tasks.",3,1356,1,0,0
89,PROD_012,"I've been using this for a week now, and the battery life is impressive. The interface is intuitive as well.",3,719,1,0,0
90,PROD_018,TOTAL WASTE OF MONEY. DO NOT BUY. FRAUD SELLER. BROKE IN ONE DAY. TERRIBLE.,5,2,0,1,1
91,PROD_013,"It's a decent product for the price. Not the best in class, but definitely reliable enough for basic tasks.",5,178,1,0,0
92,PROD_008,"I've been using this for a week now, and the battery life is impressive. The interface is intuitive as well.",3,280,1,0,0
93,PROD_010,"It's a decent product for the price. Not the best in class, but definitely reliable enough for basic tasks.",4,871,1,0,0
94,PROD_016,WOW WOW WOW. UNBELIEVABLE QUALITY. FIVE STARS. BEST BEST BEST.,5,10,1,1,1
95,PROD_002,"I've been using this for a week now, and the battery life is impressive. The interface is intuitive as well.",2,1478,1,0,0
96,PROD_014,"A bit expensive compared to alternatives, but the performance justifies the cost. Solid choice.",3,1241,0,0,0
97,PROD_015,"I've been using this for a week now, and the battery life is impressive. The interface is intuitive as well.",3,1461,1,0,0
98,PROD_012,"The build quality is excellent, and it arrived much faster than expected. Highly recommended for daily use.",4,1356,1,0,0
99,PROD_012,BEST PRODUCT EVER!!! AMAZING QUALITY. BUY IT NOW YOU WONT REGRET IT!!!! BEST SELLER.,5,4,0,1,1
100,PROD_003,I am so happy with this purchase. It is the most beautiful thing I have ever seen in my life.,5,1,0,1,1
101,PROD_005,I am so happy with this purchase. It is the most beautiful thing I have ever seen in my life.,5,8,0,1,1
102,PROD_018,"Exactly as described. The packaging was secure, and the item works perfectly without any setup issues.",3,344,1,0,0
103,PROD_000,"Exactly as described. The packaging was secure, and the item works perfectly without any setup issues.",4,1383,1,0,0
104,PROD_011,WOW WOW WOW. UNBELIEVABLE QUALITY. FIVE STARS. BEST BEST BEST.,5,9,0,1,1
105,PROD_005,BEST PRODUCT EVER!!! AMAZING QUALITY. BUY IT NOW YOU WONT REGRET IT!!!! BEST SELLER.,5,1,0,1,1
106,PROD_002,"It's a decent product for the price. Not the best in class, but definitely reliable enough for basic tasks.",3,534,1,0,0
107,PROD_017,I am so happy with this purchase. It is the most beautiful thing I have ever seen in my life.,5,3,1,1,1
108,PROD_019,"I've been using this for a week now, and the battery life is impressive. The interface is intuitive as well.",4,921,1,0,0
109,PROD_011,"The build quality is excellent, and it arrived much faster than expected. Highly recommended for daily use.",4,1783,1,0,0
110,PROD_019,"The build quality is excellent, and it arrived much faster than expected. Highly recommended for daily use.",3,198,1,0,0
111,PROD_015,Super excellence. Many good things. I like it very much. Very very very good quality.,5,12,0,0,1
112,PROD_005,TOTAL WASTE OF MONEY. DO NOT BUY. FRAUD SELLER. BROKE IN ONE DAY. TERRIBLE.,1,8,0,0,1
113,PROD_007,TOTAL WASTE OF MONEY. DO NOT BUY. FRAUD SELLER. BROKE IN ONE DAY. TERRIBLE.,5,8,0,1,1
114,PROD_016,"A bit expensive compared to alternatives, but the performance justifies the cost. Solid choice.",3,935,1,0,0
115,PROD_017,"Exactly as described. The packaging was secure, and the item works perfectly without any setup issues.",3,1489,1,0,0
116,PROD_004,"It's a decent product for the price. Not the best in class, but definitely reliable enough for basic tasks.",3,981,1,0,0
117,PROD_011,"I've been using this for a week now, and the battery life is impressive. The interface is intuitive as well.",3,1976,1,0,0
118,PROD_016,"Exactly as described. The packaging was secure, and the item works perfectly without any setup issues.",3,1548,1,0,0
119,PROD_006,"The build quality is excellent, and it arrived much faster than expected. Highly recommended for daily use.",2,264,1,0,0
120,PROD_003,"A bit expensive compared to alternatives, but the performance justifies the cost. Solid choice.",5,1340,1,0,0
121,PROD_007,"A bit expensive compared to alternatives, but the performance justifies the cost. Solid choice.",4,1679,1,0,0
122,PROD_004,"I've been using this for a week now, and the battery life is impressive. The interface is intuitive as well.",3,975,1,0,0
123,PROD_009,"The build quality is excellent, and it arrived much faster than expected. Highly recommended for daily use.",3,1569,1,0,0
124,PROD_003,"The build quality is excellent, and it arrived much faster than expected. Highly recommended for daily use.",4,157,1,0,0
125,PROD_019,"Exactly as described. The packaging was secure, and the item works perfectly without any setup issues.",5,275,0,0,0
126,PROD_009,WOW WOW WOW. UNBELIEVABLE QUALITY. FIVE STARS. BEST BEST BEST.,1,9,0,0,1
127,PROD_003,"Exactly as described. The packaging was secure, and the item works perfectly without any setup issues.",4,1423,1,0,0
128,PROD_012,I am so happy with this purchase. It is the most beautiful thing I have ever seen in my life.,5,4,0,1,1
129,PROD_017,"I've been using this for a week now, and the battery life is impressive. The interface is intuitive as well.",4,1664,1,0,0
130,PROD_017,"The build quality is excellent, and it arrived much faster than expected. Highly recommended for daily use.",3,205,1,0,0
131,PROD_019,"It's a decent product for the price. Not the best in class, but definitely reliable enough for basic tasks.",4,1412,1,0,0
132,PROD_016,"I've been using this for a week now, and the battery life is impressive. The interface is intuitive as well.",3,1395,1,0,0
133,PROD_017,"A bit expensive compared to alternatives, but the performance justifies the cost. Solid choice.",3,1832,1,0,0
134,PROD_016,Super excellence. Many good things. I like it very much. Very very very good quality.,5,6,0,0,1
135,PROD_000,"It's a decent product for the price. Not the best in class, but definitely reliable enough for basic tasks.",4,956,1,0,0
136,PROD_007,I am so happy with this purchase. It is the most beautiful thing I have ever seen in my life.,5,11,0,0,1
137,PROD_018,WOW WOW WOW. UNBELIEVABLE QUALITY. FIVE STARS. BEST BEST BEST.,5,8,0,1,1
138,PROD_014,Super excellence. Many good things. I like it very much. Very very very good quality.,5,1,1,0,1
139,PROD_009,"The build quality is excellent, and it arrived much faster than expected. Highly recommended for daily use.",3,1259,0,0,0
140,PROD_009,"Exactly as described. The packaging was secure, and the item works perfectly without any setup issues.",3,1240,1,0,0
141,PROD_014,"I've been using this for a week now, and the battery life is impressive. The interface is intuitive as well.",4,1363,1,0,0
142,PROD_010,"The build quality is excellent, and it arrived much faster than expected. Highly recommended for daily use.",4,1584,1,0,0
143,PROD_016,"The build quality is excellent, and it arrived much faster than expected. Highly recommended for daily use.",4,1168,1,0,0
144,PROD_009,"Exactly as described. The packaging was secure, and the item works perfectly without any setup issues.",3,1081,1,0,0
145,PROD_006,"I've been using this for a week now, and the battery life is impressive. The interface is intuitive as well.",4,1695,1,0,0
146,PROD_019,BEST PRODUCT EVER!!! AMAZING QUALITY. BUY IT NOW YOU WONT REGRET IT!!!! BEST SELLER.,5,11,0,1,1
147,PROD_011,WOW WOW WOW. UNBELIEVABLE QUALITY. FIVE STARS. BEST BEST BEST.,5,5,0,1,1
148,PROD_002,"A bit expensive compared to alternatives, but the performance justifies the cost. Solid choice.",3,1857,1,0,0
149,PROD_016,BEST PRODUCT EVER!!! AMAZING QUALITY. BUY IT NOW YOU WONT REGRET IT!!!! BEST SELLER.,1,9,0,1,1
150,PROD_017,"Exactly as described. The packaging was secure, and the item works perfectly without any setup issues.",3,437,1,0,0
151,PROD_001,Super excellence. Many good things. I like it very much. Very very very good quality.,5,9,0,1,1
152,PROD_018,"It's a decent product for the price. Not the best in class, but definitely reliable enough for basic tasks.",3,1718,1,0,0
153,PROD_011,"I've been using this for a week now, and the battery life is impressive. The interface is intuitive as well.",4,1046,1,0,0
154,PROD_018,"I've been using this for a week now, and the battery life is impressive. The interface is intuitive as well.",3,1999,1,0,0
155,PROD_009,"The build quality is excellent, and it arrived much faster than expected. Highly recommended for daily use.",2,798,1,0,0
156,PROD_002,"It's a decent product for the price. Not the best in class, but definitely reliable enough for basic tasks.",3,1374,1,0,0
157,PROD_003,"It's a decent product for the price. Not the best in class, but definitely reliable enough for basic tasks.",4,887,1,0,0
158,PROD_008,I am so happy with this purchase. It is the most beautiful thing I have ever seen in my life.,5,10,0,0,1
159,PROD_004,WOW WOW WOW. UNBELIEVABLE QUALITY. FIVE STARS. BEST BEST BEST.,5,3,0,0,1
160,PROD_010,"Exactly as described. The packaging was secure, and the item works perfectly without any setup issues.",4,1059,1,0,0
161,PROD_000,"It's a decent product for the price. Not the best in class, but definitely reliable enough for basic tasks.",5,1645,1,0,0
162,PROD_004,"I've been using this for a week now, and the battery life is impressive. The interface is intuitive as well.",3,937,1,0,0
163,PROD_014,"Exactly as described. The packaging was secure, and the item works perfectly without any setup issues.",3,1337,1,0,0
164,PROD_006,"The build quality is excellent, and it arrived much faster than expected. Highly recommended for daily use.",3,1342,1,0,0
165,PROD_001,"The build quality is excellent, and it arrived much faster than expected. Highly recommended for daily use.",4,1117,1,0,0
166,PROD_002,"Exactly as described. The packaging was secure, and the item works perfectly without any setup issues.",3,1839,1,0,0
167,PROD_007,"A bit expensive compared to alternatives, but the performance justifies the cost. Solid choice.",3,966,1,0,0
168,PROD_018,"Exactly as described. The packaging was secure, and the item works perfectly without any setup issues.",4,876,1,0,0
169,PROD_018,"It's a decent product for the price. Not the best in class, but definitely reliable enough for basic tasks.",3,232,1,0,0
170,PROD_016,"It's a decent product for the price. Not the best in class, but definitely reliable enough for basic tasks.",3,124,1,0,0
171,PROD_018,"I've been using this for a week now, and the battery life is impressive. The interface is intuitive as well.",3,224,1,0,0
172,PROD_019,"A bit expensive compared to alternatives, but the performance justifies the cost. Solid choice.",4,1305,1,0,0
173,PROD_017,"I've been using this for a week now, and the battery life is impressive. The interface is intuitive as well.",4,1212,1,0,0
174,PROD_005,"It's a decent product for the price. Not the best in class, but definitely reliable enough for basic tasks.",4,624,1,0,0
175,PROD_000,BEST PRODUCT EVER!!! AMAZING QUALITY. BUY IT NOW YOU WONT REGRET IT!!!! BEST SELLER.,5,4,0,0,1
176,PROD_003,I am so happy with this purchase. It is the most beautiful thing I have ever seen in my life.,5,4,0,0,1
177,PROD_009,"A bit expensive compared to alternatives, but the performance justifies the cost. Solid choice.",3,1245,1,0,0
178,PROD_013,"Exactly as described. The packaging was secure, and the item works perfectly without any setup issues.",5,298,1,0,0
179,PROD_003,"I've been using this for a week now, and the battery life is impressive. The interface is intuitive as well.",5,522,0,0,0
180,PROD_008,"Exactly as described. The packaging was secure, and the item works perfectly without any setup issues.",4,126,1,0,0
181,PROD_001,TOTAL WASTE OF MONEY. DO NOT BUY. FRAUD SELLER. BROKE IN ONE DAY. TERRIBLE.,5,5,1,1,1
182,PROD_008,"I've been using this for a week now, and the battery life is impressive. The interface is intuitive as well.",3,612,1,0,0
183,PROD_019,"The build quality is excellent, and it arrived much faster than expected. Highly recommended for daily use.",4,1820,1,0,0
184,PROD_003,Super excellence. Many good things. I like it very much. Very very very good quality.,5,5,0,0,1
185,PROD_002,"I've been using this for a week now, and the battery life is impressive. The interface is intuitive as well.",3,833,1,0,0
186,PROD_001,BEST PRODUCT EVER!!! AMAZING QUALITY. BUY IT NOW YOU WONT REGRET IT!!!! BEST SELLER.,5,13,0,1,1
187,PROD_009,"It's a decent product for the price. Not the best in class, but definitely reliable enough for basic tasks.",3,1969,1,0,0
188,PROD_019,"It's a decent product for the price. Not the best in class, but definitely reliable enough for basic tasks.",4,692,1,0,0
189,PROD_000,"A bit expensive compared to alternatives, but the performance justifies the cost. Solid choice.",3,107,1,0,0
190,PROD_004,"I've been using this for a week now, and the battery life is impressive. The interface is intuitive as well.",3,1846,1,0,0
191,PROD_006,"It's a decent product for the price. Not the best in class, but definitely reliable enough for basic tasks.",3,1546,1,0,0
192,PROD_000,Super excellence. Many good things. I like it very much. Very very very good quality.,5,14,0,1,1
193,PROD_017,TOTAL WASTE OF MONEY. DO NOT BUY. FRAUD SELLER. BROKE IN ONE DAY. TERRIBLE.,5,6,0,1,1
194,PROD_002,TOTAL WASTE OF MONEY. DO NOT BUY. FRAUD SELLER. BROKE IN ONE DAY. TERRIBLE.,5,10,0,1,1
195,PROD_000,I am so happy with this purchase. It is the most beautiful thing I have ever seen in my life.,5,9,1,0,1
196,PROD_005,"A bit expensive compared to alternatives, but the performance justifies the cost. Solid choice.",5,776,1,0,0
197,PROD_014,"I've been using this for a week now, and the battery life is impressive. The interface is intuitive as well.",3,274,1,0,0
198,PROD_018,"A bit expensive compared to alternatives, but the performance justifies the cost. Solid choice.",4,102,1,0,0
199,PROD_009,Super excellence. Many good things. I like it very much. Very very very good quality.,5,12,1,1,1
200,PROD_004,"A bit expensive compared to alternatives, but the performance justifies the cost. Solid choice.",3,1802,1,0,0
201,PROD_019,"It's a decent product for the price. Not the best in class, but definitely reliable enough for basic tasks.",4,1181,1,0,0
202,PROD_003,WOW WOW WOW. UNBELIEVABLE QUALITY. FIVE STARS. BEST BEST BEST.,1,5,0,0,1
203,PROD_013,"It's a decent product for the price. Not the best in class, but definitely reliable enough for basic tasks.",4,286,1,0,0
204,PROD_007,TOTAL WASTE OF MONEY. DO NOT BUY. FRAUD SELLER. BROKE IN ONE DAY. TERRIBLE.,5,1,0,1,1
205,PROD_017,BEST PRODUCT EVER!!! AMAZING QUALITY. BUY IT NOW YOU WONT REGRET IT!!!! BEST SELLER.,5,3,0,1,1
206,PROD_016,BEST PRODUCT EVER!!! AMAZING QUALITY. BUY IT NOW YOU WONT REGRET IT!!!! BEST SELLER.,1,11,0,1,1
207,PROD_010,"I've been using this for a week now, and the battery life is impressive. The interface is intuitive as well.",4,1934,1,0,0
208,PROD_009,"A bit expensive compared to alternatives, but the performance justifies the cost. Solid choice.",3,1014,1,0,0
209,PROD_007,"A bit expensive compared to alternatives, but the performance justifies the cost. Solid choice.",4,1159,1,0,0
210,PROD_013,"The build quality is excellent, and it arrived much faster than expected. Highly recommended for daily use.",4,450,1,0,0
211,PROD_005,"A bit expensive compared to alternatives, but the performance justifies the cost. Solid choice.",5,1718,1,0,0
212,PROD_012,"It's a decent product for the price. Not the best in class, but definitely reliable enough for basic tasks.",3,1265,1,0,0
213,PROD_010,"The build quality is excellent, and it arrived much faster than expected. Highly recommended for daily use.",4,664,1,0,0
214,PROD_006,"Exactly as described. The packaging was secure, and the item works perfectly without any setup issues.",3,109,1,0,0
215,PROD_009,"The build quality is excellent, and it arrived much faster than expected. Highly recommended for daily use.",3,527,1,0,0
216,PROD_000,"Exactly as described. The packaging was secure, and the item works perfectly without any setup issues.",4,1309,1,0,0
217,PROD_006,"A bit expensive compared to alternatives, but the performance justifies the cost. Solid choice.",4,486,1,0,0
218,PROD_003,WOW WOW WOW. UNBELIEVABLE QUALITY. FIVE STARS. BEST BEST BEST.,1,12,0,1,1
219,PROD_014,TOTAL WASTE OF MONEY. DO NOT BUY. FRAUD SELLER. BROKE IN ONE DAY. TERRIBLE.,1,6,0,1,1
220,PROD_006,"A bit expensive compared to alternatives, but the performance justifies the cost. Solid choice.",4,1380,1,0,0
221,PROD_007,BEST PRODUCT EVER!!! AMAZING QUALITY. BUY IT NOW YOU WONT REGRET IT!!!! BEST SELLER.,1,14,0,1,1
222,PROD_001,"A bit expensive compared to alternatives, but the performance justifies the cost. Solid choice.",3,1602,1,0,0
223,PROD_017,TOTAL WASTE OF MONEY. DO NOT BUY. FRAUD SELLER. BROKE IN ONE DAY. TERRIBLE.,5,3,1,1,1
224,PROD_004,"I've been using this for a week now, and the battery life is impressive. The interface is intuitive as well.",4,1442,1,0,0
225,PROD_006,WOW WOW WOW. UNBELIEVABLE QUALITY. FIVE STARS. BEST BEST BEST.,1,11,0,1,1
226,PROD_005,TOTAL WASTE OF MONEY. DO NOT BUY. FRAUD SELLER. BROKE IN ONE DAY. TERRIBLE.,5,5,0,0,1
227,PROD_010,"I've been using this for a week now, and the battery life is impressive. The interface is intuitive as well.",4,982,1,0,0
228,PROD_007,"A bit expensive compared to alternatives, but the performance justifies the cost. Solid choice.",4,1869,1,0,0
229,PROD_002,TOTAL WASTE OF MONEY. DO NOT BUY. FRAUD SELLER. BROKE IN ONE DAY. TERRIBLE.,5,12,0,1,1
230,PROD_017,"The build quality is excellent, and it arrived much faster than expected. Highly recommended for daily use.",4,1459,1,0,0
231,PROD_013,BEST PRODUCT EVER!!! AMAZING QUALITY. BUY IT NOW YOU WONT REGRET IT!!!! BEST SELLER.,5,3,0,1,1
232,PROD_009,BEST PRODUCT EVER!!! AMAZING QUALITY. BUY IT NOW YOU WONT REGRET IT!!!! BEST SELLER.,1,9,0,1,1
233,PROD_002,"It's a decent product for the price. Not the best in class, but definitely reliable enough for basic tasks.",3,526,1,0,0
234,PROD_013,"Exactly as described. The packaging was secure, and the item works perfectly without any setup issues.",5,757,1,0,0
235,PROD_001,"I've been using this for a week now, and the battery life is impressive. The interface is intuitive as well.",4,957,1,0,0
236,PROD_013,"Exactly as described. The packaging was secure, and the item works perfectly without any setup issues.",4,1319,1,0,0
237,PROD_004,"The build quality is excellent, and it arrived much faster than expected. Highly recommended for daily use.",3,219,1,0,0
238,PROD_010,"A bit expensive compared to alternatives, but the performance justifies the cost. Solid choice.",3,1528,1,0,0
239,PROD_012,"A bit expensive compared to alternatives, but the performance justifies the cost. Solid choice.",4,1599,1,0,0
240,PROD_016,"Exactly as described. The packaging was secure, and the item works perfectly without any setup issues.",4,497,1,0,0
241,PROD_005,WOW WOW WOW. UNBELIEVABLE QUALITY. FIVE STARS. BEST BEST BEST.,1,11,1,1,1
242,PROD_012,TOTAL WASTE OF MONEY. DO NOT BUY. FRAUD SELLER. BROKE IN ONE DAY. TERRIBLE.,5,1,0,1,1
243,PROD_017,"I've been using this for a week now, and the battery life is impressive. The interface is intuitive as well.",3,1310,1,0,0
244,PROD_017,Super excellence. Many good things. I like it very much. Very very very good quality.,5,3,1,0,1
245,PROD_002,WOW WOW WOW. UNBELIEVABLE QUALITY. FIVE STARS. BEST BEST BEST.,5,12,0,1,1
246,PROD_006,"A bit expensive compared to alternatives, but the performance justifies the cost. Solid choice.",5,1298,1,0,0
247,PROD_017,"A bit expensive compared to alternatives, but the performance justifies the cost. Solid choice.",4,1094,1,0,0
248,PROD_004,"I've been using this for a week now, and the battery life is impressive. The interface is intuitive as well.",3,1070,1,0,0
249,PROD_018,"A bit expensive compared to alternatives, but the performance justifies the cost. Solid choice.",3,1868,1,0,0
250,PROD_008,WOW WOW WOW. UNBELIEVABLE QUALITY. FIVE STARS. BEST BEST BEST.,5,10,0,0,1
251,PROD_015,"It's a decent product for the price. Not the best in class, but definitely reliable enough for basic tasks.",3,1929,1,0,0
252,PROD_011,"I've been using this for a week now, and the battery life is impressive. The interface is intuitive as well.",4,934,0,0,0
253,PROD_007,"The build quality is excellent, and it arrived much faster than expected. Highly recommended for daily use.",5,1572,1,0,0
254,PROD_018,I am so happy with this purchase. It is the most beautiful thing I have ever seen in my life.,5,5,0,1,1
255,PROD_004,Super excellence. Many good things. I like it very much. Very very very good quality.,1,12,0,1,1
256,PROD_002,"I've been using this for a week now, and the battery life is impressive. The interface is intuitive as well.",4,383,1,0,0
257,PROD_014,"Exactly as described. The packaging was secure, and the item works perfectly without any setup issues.",4,712,1,0,0
258,PROD_011,"I've been using this for a week now, and the battery life is impressive. The interface is intuitive as well.",4,1564,1,0,0
259,PROD_002,TOTAL WASTE OF MONEY. DO NOT BUY. FRAUD SELLER. BROKE IN ONE DAY. TERRIBLE.,5,8,1,1,1
260,PROD_000,"Exactly as described. The packaging was secure, and the item works perfectly without any setup issues.",4,1268,1,0,0
261,PROD_015,BEST PRODUCT EVER!!! AMAZING QUALITY. BUY IT NOW YOU WONT REGRET IT!!!! BEST SELLER.,5,5,0,1,1
262,PROD_005,"I've been using this for a week now, and the battery life is impressive. The interface is intuitive as well.",4,1162,1,0,0
263,PROD_017,"It's a decent product for the price. Not the best in class, but definitely reliable enough for basic tasks.",4,1658,1,0,0
264,PROD_019,"I've been using this for a week now, and the battery life is impressive. The interface is intuitive as well.",5,243,0,0,0
265,PROD_000,"It's a decent product for the price. Not the best in class, but definitely reliable enough for basic tasks.",3,1188,1,0,0
266,PROD_005,Super excellence. Many good things. I like it very much. Very very very good quality.,5,12,0,1,1
267,PROD_002,"A bit expensive compared to alternatives, but the performance justifies the cost. Solid choice.",3,829,1,0,0
268,PROD_017,WOW WOW WOW. UNBELIEVABLE QUALITY. FIVE STARS. BEST BEST BEST.,5,13,0,1,1
269,PROD_019,"I've been using this for a week now, and the battery life is impressive. The interface is intuitive as well.",4,453,0,0,0
270,PROD_019,"A bit expensive compared to alternatives, but the performance justifies the cost. Solid choice.",4,596,1,0,0
271,PROD_016,TOTAL WASTE OF MONEY. DO NOT BUY. FRAUD SELLER. BROKE IN ONE DAY. TERRIBLE.,5,4,1,1,1
272,PROD_003,Super excellence. Many good things. I like it very much. Very very very good quality.,5,4,0,0,1
273,PROD_007,"A bit expensive compared to alternatives, but the performance justifies the cost. Solid choice.",4,430,1,0,0
274,PROD_011,I am so happy with this purchase. It is the most beautiful thing I have ever seen in my life.,1,11,0,0,1
275,PROD_018,"I've been using this for a week now, and the battery life is impressive. The interface is intuitive as well.",3,1151,1,0,0
276,PROD_001,BEST PRODUCT EVER!!! AMAZING QUALITY. BUY IT NOW YOU WONT REGRET IT!!!! BEST SELLER.,5,1,1,1,1
277,PROD_001,"Exactly as described. The packaging was secure, and the item works perfectly without any setup issues.",3,508,1,0,0
278,PROD_010,"I've been using this for a week now, and the battery life is impressive. The interface is intuitive as well.",3,1647,1,0,0
279,PROD_010,"I've been using this for a week now, and the battery life is impressive. The interface is intuitive as well.",3,643,1,0,0
280,PROD_007,"I've been using this for a week now, and the battery life is impressive. The interface is intuitive as well.",4,848,1,0,0
281,PROD_002,"Exactly as described. The packaging was secure, and the item works perfectly without any setup issues.",3,920,1,0,0
282,PROD_009,I am so happy with this purchase. It is the most beautiful thing I have ever seen in my life.,1,12,1,1,1
283,PROD_004,"Exactly as described. The packaging was secure, and the item works perfectly without any setup issues.",4,1346,1,0,0
284,PROD_015,"Exactly as described. The packaging was secure, and the item works perfectly without any setup issues.",3,1025,0,0,0
285,PROD_008,"The build quality is excellent, and it arrived much faster than expected. Highly recommended for daily use.",4,1117,1,0,0
286,PROD_008,"It's a decent product for the price. Not the best in class, but definitely reliable enough for basic tasks.",3,985,1,0,0
287,PROD_007,"A bit expensive compared to alternatives, but the performance justifies the cost. Solid choice.",4,1475,1,0,0
288,PROD_014,BEST PRODUCT EVER!!! AMAZING QUALITY. BUY IT NOW YOU WONT REGRET IT!!!! BEST SELLER.,5,6,0,1,1
289,PROD_017,"Exactly as described. The packaging was secure, and the item works perfectly without any setup issues.",4,718,1,0,0
290,PROD_005,"The build quality is excellent, and it arrived much faster than expected. Highly recommended for daily use.",4,361,1,0,0
291,PROD_007,"It's a decent product for the price. Not the best in class, but definitely reliable enough for basic tasks.",5,813,1,0,0
292,PROD_013,"I've been using this for a week now, and the battery life is impressive. The interface is intuitive as well.",4,701,1,0,0
293,PROD_003,"A bit expensive compared to alternatives, but the performance justifies the cost. Solid choice.",5,974,1,0,0
294,PROD_003,I am so happy with this purchase. It is the most beautiful thing I have ever seen in my life.,1,11,0,1,1
295,PROD_008,"The build quality is excellent, and it arrived much faster than expected. Highly recommended for daily use.",4,1249,1,0,0
296,PROD_014,"It's a decent product for the price. Not the best in class, but definitely reliable enough for basic tasks.",3,1490,1,0,0
297,PROD_010,"It's a decent product for the price. Not the best in class, but definitely reliable enough for basic tasks.",5,1468,1,0,0
298,PROD_007,Super excellence. Many good things. I like it very much. Very very very good quality.,5,3,0,0,1
299,PROD_008,"The build quality is excellent, and it arrived much faster than expected. Highly recommended for daily use.",4,1923,1,0,0
300,PROD_002,BEST PRODUCT EVER!!! AMAZING QUALITY. BUY IT NOW YOU WONT REGRET IT!!!! BEST SELLER.,1,3,1,0,1
301,PROD_012,"A bit expensive compared to alternatives, but the performance justifies the cost. Solid choice.",3,1094,0,0,0
302,PROD_016,TOTAL WASTE OF MONEY. DO NOT BUY. FRAUD SELLER. BROKE IN ONE DAY. TERRIBLE.,1,14,0,1,1
303,PROD_019,"The build quality is excellent, and it arrived much faster than expected. Highly recommended for daily use.",4,931,1,0,0
304,PROD_002,"Exactly as described. The packaging was secure, and the item works perfectly without any setup issues.",4,740,1,0,0
305,PROD_007,"The build quality is excellent, and it arrived much faster than expected. Highly recommended for daily use.",4,1095,1,0,0
306,PROD_015,"The build quality is excellent, and it arrived much faster than expected. Highly recommended for daily use.",3,147,1,0,0
307,PROD_002,BEST PRODUCT EVER!!! AMAZING QUALITY. BUY IT NOW YOU WONT REGRET IT!!!! BEST SELLER.,5,12,0,1,1
308,PROD_014,TOTAL WASTE OF MONEY. DO NOT BUY. FRAUD SELLER. BROKE IN ONE DAY. TERRIBLE.,1,2,0,1,1
309,PROD_009,"I've been using this for a week now, and the battery life is impressive. The interface is intuitive as well.",4,1160,1,0,0
310,PROD_006,"I've been using this for a week now, and the battery life is impressive. The interface is intuitive as well.",4,1613,0,0,0
311,PROD_008,WOW WOW WOW. UNBELIEVABLE QUALITY. FIVE STARS. BEST BEST BEST.,5,3,1,1,1
312,PROD_018,"The build quality is excellent, and it arrived much faster than expected. Highly recommended for daily use.",3,566,1,0,0
313,PROD_019,BEST PRODUCT EVER!!! AMAZING QUALITY. BUY IT NOW YOU WONT REGRET IT!!!! BEST SELLER.,5,14,0,1,1
314,PROD_010,"The build quality is excellent, and it arrived much faster than expected. Highly recommended for daily use.",4,109,0,0,0
315,PROD_008,"Exactly as described. The packaging was secure, and the item works perfectly without any setup issues.",3,868,1,0,0
316,PROD_016,"The build quality is excellent, and it arrived much faster than expected. Highly recommended for daily use.",4,1391,1,0,0
317,PROD_011,"A bit expensive compared to alternatives, but the performance justifies the cost. Solid choice.",3,1955,0,0,0
318,PROD_005,"It's a decent product for the price. Not the best in class, but definitely reliable enough for basic tasks.",4,161,1,0,0
319,PROD_017,"I've been using this for a week now, and the battery life is impressive. The interface is intuitive as well.",4,909,1,0,0
320,PROD_006,BEST PRODUCT EVER!!! AMAZING QUALITY. BUY IT NOW YOU WONT REGRET IT!!!! BEST SELLER.,5,10,0,1,1
321,PROD_010,BEST PRODUCT EVER!!! AMAZING QUALITY. BUY IT NOW YOU WONT REGRET IT!!!! BEST SELLER.,5,6,0,0,1
322,PROD_001,"I've been using this for a week now, and the battery life is impressive. The interface is intuitive as well.",4,1307,1,0,0
323,PROD_010,"I've been using this for a week now, and the battery life is impressive. The interface is intuitive as well.",3,827,1,0,0
324,PROD_006,"Exactly as described. The packaging was secure, and the item works perfectly without any setup issues.",2,1576,1,0,0
325,PROD_011,"It's a decent product for the price. Not the best in class, but definitely reliable enough for basic tasks.",4,1755,1,0,0
326,PROD_006,"I've been using this for a week now, and the battery life is impressive. The interface is intuitive as well.",4,1066,1,0,0
327,PROD_010,"Exactly as described. The packaging was secure, and the item works perfectly without any setup issues.",3,1150,1,0,0
328,PROD_002,"The build quality is excellent, and it arrived much faster than expected. Highly recommended for daily use.",3,788,1,0,0
329,PROD_011,"The build quality is excellent, and it arrived much faster than expected. Highly recommended for daily use.",4,954,1,0,0
330,PROD_006,BEST PRODUCT EVER!!! AMAZING QUALITY. BUY IT NOW YOU WONT REGRET IT!!!! BEST SELLER.,5,4,0,1,1
331,PROD_016,"A bit expensive compared to alternatives, but the performance justifies the cost. Solid choice.",3,837,1,0,0
332,PROD_019,"Exactly as described. The packaging was secure, and the item works perfectly without any setup issues.",4,1851,1,0,0
333,PROD_019,BEST PRODUCT EVER!!! AMAZING QUALITY. BUY IT NOW YOU WONT REGRET IT!!!! BEST SELLER.,5,8,0,1,1
334,PROD_018,TOTAL WASTE OF MONEY. DO NOT BUY. FRAUD SELLER. BROKE IN ONE DAY. TERRIBLE.,5,1,0,1,1
335,PROD_006,"A bit expensive compared to alternatives, but the performance justifies the cost. Solid choice.",3,196,0,0,0
336,PROD_013,Super excellence. Many good things. I like it very much. Very very very good quality.,5,14,0,0,1
337,PROD_010,Super excellence. Many good things. I like it very much. Very very very good quality.,5,10,1,0,1
338,PROD_001,"It's a decent product for the price. Not the best in class, but definitely reliable enough for basic tasks.",4,925,1,0,0
339,PROD_008,"The build quality is excellent, and it arrived much faster than expected. Highly recommended for daily use.",5,1970,1,0,0
340,PROD_003,"Exactly as described. The packaging was secure, and the item works perfectly without any setup issues.",5,637,1,0,0
341,PROD_010,"It's a decent product for the price. Not the best in class, but definitely reliable enough for basic tasks.",4,1768,0,0,0
342,PROD_014,"A bit expensive compared to alternatives, but the performance justifies the cost. Solid choice.",4,1225,0,0,0
343,PROD_019,WOW WOW WOW. UNBELIEVABLE QUALITY. FIVE STARS. BEST BEST BEST.,5,3,0,0,1
344,PROD_000,"I've been using this for a week now, and the battery life is impressive. The interface is intuitive as well.",4,1098,1,0,0
345,PROD_001,"Exactly as described. The packaging was secure, and the item works perfectly without any setup issues.",5,1810,1,0,0
346,PROD_012,"It's a decent product for the price. Not the best in class, but definitely reliable enough for basic tasks.",4,1310,1,0,0
347,PROD_017,"It's a decent product for the price. Not the best in class, but definitely reliable enough for basic tasks.",4,1751,1,0,0
348,PROD_008,"It's a decent product for the price. Not the best in class, but definitely reliable enough for basic tasks.",4,1176,1,0,0
349,PROD_010,"I've been using this for a week now, and the battery life is impressive. The interface is intuitive as well.",4,236,1,0,0
350,PROD_010,TOTAL WASTE OF MONEY. DO NOT BUY. FRAUD SELLER. BROKE IN ONE DAY. TERRIBLE.,5,10,0,1,1
351,PROD_003,"It's a decent product for the price. Not the best in class, but definitely reliable enough for basic tasks.",5,1173,1,0,0
352,PROD_012,"The build quality is excellent, and it arrived much faster than expected. Highly recommended for daily use.",3,418,1,0,0
353,PROD_003,"A bit expensive compared to alternatives, but the performance justifies the cost. Solid choice.",4,1664,1,0,0
354,PROD_006,"The build quality is excellent, and it arrived much faster than expected. Highly recommended for daily use.",3,1078,1,0,0
355,PROD_016,"Exactly as described. The packaging was secure, and the item works perfectly without any setup issues.",3,343,1,0,0
356,PROD_012,"A bit expensive compared to alternatives, but the performance justifies the cost. Solid choice.",3,1868,1,0,0
357,PROD_017,"The build quality is excellent, and it arrived much faster than expected. Highly recommended for daily use.",3,533,1,0,0
358,PROD_010,"Exactly as described. The packaging was secure, and the item works perfectly without any setup issues.",4,1486,1,0,0
359,PROD_004,"I've been using this for a week now, and the battery life is impressive. The interface is intuitive as well.",4,804,1,0,0
360,PROD_001,TOTAL WASTE OF MONEY. DO NOT BUY. FRAUD SELLER. BROKE IN ONE DAY. TERRIBLE.,5,2,0,1,1
361,PROD_003,"Exactly as described. The packaging was secure, and the item works perfectly without any setup issues.",5,1890,0,0,0
362,PROD_007,"Exactly as described. The packaging was secure, and the item works perfectly without any setup issues.",3,1517,1,0,0
363,PROD_015,"I've been using this for a week now, and the battery life is impressive. The interface is intuitive as well.",3,126,1,0,0
364,PROD_001,"Exactly as described. The packaging was secure, and the item works perfectly without any setup issues.",3,1726,1,0,0
365,PROD_005,"It's a decent product for the price. Not the best in class, but definitely reliable enough for basic tasks.",4,328,1,0,0
366,PROD_008,"It's a decent product for the price. Not the best in class, but definitely reliable enough for basic tasks.",3,1081,1,0,0
367,PROD_013,"A bit expensive compared to alternatives, but the performance justifies the cost. Solid choice.",4,1497,1,0,0
368,PROD_006,TOTAL WASTE OF MONEY. DO NOT BUY. FRAUD SELLER. BROKE IN ONE DAY. TERRIBLE.,5,1,0,0,1
369,PROD_006,I am so happy with this purchase. It is the most beautiful thing I have ever seen in my life.,5,14,1,1,1
370,PROD_010,BEST PRODUCT EVER!!! AMAZING QUALITY. BUY IT NOW YOU WONT REGRET IT!!!! BEST SELLER.,5,4,0,1,1
371,PROD_017,WOW WOW WOW. UNBELIEVABLE QUALITY. FIVE STARS. BEST BEST BEST.,1,4,0,1,1
372,PROD_013,"Exactly as described. The packaging was secure, and the item works perfectly without any setup issues.",4,878,1,0,0
373,PROD_004,"A bit expensive compared to alternatives, but the performance justifies the cost. Solid choice.",4,1128,1,0,0
374,PROD_009,"The build quality is excellent, and it arrived much faster than expected. Highly recommended for daily use.",3,169,1,0,0
375,PROD_014,"It's a decent product for the price. Not the best in class, but definitely reliable enough for basic tasks.",3,335,1,0,0
376,PROD_008,"It's a decent product for the price. Not the best in class, but definitely reliable enough for basic tasks.",4,233,1,0,0
377,PROD_017,TOTAL WASTE OF MONEY. DO NOT BUY. FRAUD SELLER. BROKE IN ONE DAY. TERRIBLE.,5,1,0,0,1
378,PROD_013,I am so happy with this purchase. It is the most beautiful thing I have ever seen in my life.,5,1,0,0,1
379,PROD_005,TOTAL WASTE OF MONEY. DO NOT BUY. FRAUD SELLER. BROKE IN ONE DAY. TERRIBLE.,1,6,1,1,1
380,PROD_001,"A bit expensive compared to alternatives, but the performance justifies the cost. Solid choice.",3,1878,1,0,0
381,PROD_012,I am so happy with this purchase. It is the most beautiful thing I have ever seen in my life.,5,10,0,1,1
382,PROD_011,"It's a decent product for the price. Not the best in class, but definitely reliable enough for basic tasks.",5,670,1,0,0
383,PROD_016,"It's a decent product for the price. Not the best in class, but definitely reliable enough for basic tasks.",2,428,1,0,0
384,PROD_017,TOTAL WASTE OF MONEY. DO NOT BUY. FRAUD SELLER. BROKE IN ONE DAY. TERRIBLE.,5,8,0,1,1
385,PROD_014,"I've been using this for a week now, and the battery life is impressive. The interface is intuitive as well.",4,1447,1,0,0
386,PROD_005,"A bit expensive compared to alternatives, but the performance justifies the cost. Solid choice.",4,1336,1,0,0
387,PROD_012,TOTAL WASTE OF MONEY. DO NOT BUY. FRAUD SELLER. BROKE IN ONE DAY. TERRIBLE.,5,8,0,0,1
388,PROD_007,"It's a decent product for the price. Not the best in class, but definitely reliable enough for basic tasks.",3,1748,1,0,0
389,PROD_013,"It's a decent product for the price. Not the best in class, but definitely reliable enough for basic tasks.",4,1547,0,0,0
390,PROD_002,"A bit expensive compared to alternatives, but the performance justifies the cost. Solid choice.",3,729,1,0,0
391,PROD_015,I am so happy with this purchase. It is the most beautiful thing I have ever seen in my life.,5,14,0,1,1
392,PROD_017,WOW WOW WOW. UNBELIEVABLE QUALITY. FIVE STARS. BEST BEST BEST.,5,8,0,1,1
393,PROD_013,TOTAL WASTE OF MONEY. DO NOT BUY. FRAUD SELLER. BROKE IN ONE DAY. TERRIBLE.,1,2,0,0,1
394,PROD_004,"The build quality is excellent, and it arrived much faster than expected. Highly recommended for daily use.",3,1502,1,0,0
395,PROD_007,"It's a decent product for the price. Not the best in class, but definitely reliable enough for basic tasks.",5,163,1,0,0
396,PROD_003,"I've been using this for a week now, and the battery life is impressive. The interface is intuitive as well.",4,1291,1,0,0
397,PROD_009,"It's a decent product for the price. Not the best in class, but definitely reliable enough for basic tasks.",2,420,0,0,0
398,PROD_012,"A bit expensive compared to alternatives, but the performance justifies the cost. Solid choice.",3,1750,1,0,0
399,PROD_010,"I've been using this for a week now, and the battery life is impressive. The interface is intuitive as well.",4,1554,1,0,0
400,PROD_005,"It's a decent product for the price. Not the best in class, but definitely reliable enough for basic tasks.",4,1412,1,0,0
401,PROD_007,"Exactly as described. The packaging was secure, and the item works perfectly without any setup issues.",4,355,1,0,0
402,PROD_012,"Exactly as described. The packaging was secure, and the item works perfectly without any setup issues.",4,148,1,0,0
403,PROD_003,"The build quality is excellent, and it arrived much faster than expected. Highly recommended for daily use.",4,206,1,0,0
404,PROD_005,Super excellence. Many good things. I like it very much. Very very very good quality.,5,6,0,1,1
405,PROD_013,"The build quality is excellent, and it arrived much faster than expected. Highly recommended for daily use.",4,1753,1,0,0
406,PROD_017,"A bit expensive compared to alternatives, but the performance justifies the cost. Solid choice.",3,1651,1,0,0
407,PROD_013,"Exactly as described. The packaging was secure, and the item works perfectly without any setup issues.",4,1767,0,0,0
408,PROD_001,"It's a decent product for the price. Not the best in class, but definitely reliable enough for basic tasks.",4,1383,1,0,0
409,PROD_013,"I've been using this for a week now, and the battery life is impressive. The interface is intuitive as well.",5,1662,1,0,0
410,PROD_009,"A bit expensive compared to alternatives, but the performance justifies the cost. Solid choice.",4,1617,0,0,0
411,PROD_013,"A bit expensive compared to alternatives, but the performance justifies the cost. Solid choice.",4,488,1,0,0
412,PROD_012,"Exactly as described. The packaging was secure, and the item works perfectly without any setup issues.",3,1641,1,0,0
413,PROD_009,WOW WOW WOW. UNBELIEVABLE QUALITY. FIVE STARS. BEST BEST BEST.,1,13,0,1,1
414,PROD_006,"Exactly as described. The packaging was secure, and the item works perfectly without any setup issues.",4,1054,1,0,0
415,PROD_014,"Exactly as described. The packaging was secure, and the item works perfectly without any setup issues.",3,1232,1,0,0
416,PROD_012,"Exactly as described. The packaging was secure, and the item works perfectly without any setup issues.",3,1497,1,0,0
417,PROD_015,"I've been using this for a week now, and the battery life is impressive. The interface is intuitive as well.",3,1092,0,0,0
418,PROD_019,"The build quality is excellent, and it arrived much faster than expected. Highly recommended for daily use.",5,264,0,0,0
419,PROD_002,I am so happy with this purchase. It is the most beautiful thing I have ever seen in my life.,5,14,0,1,1
420,PROD_002,"I've been using this for a week now, and the battery life is impressive. The interface is intuitive as well.",2,1816,1,0,0
421,PROD_001,BEST PRODUCT EVER!!! AMAZING QUALITY. BUY IT NOW YOU WONT REGRET IT!!!! BEST SELLER.,5,12,0,1,1
422,PROD_016,"The build quality is excellent, and it arrived much faster than expected. Highly recommended for daily use.",4,203,1,0,0
423,PROD_013,"I've been using this for a week now, and the battery life is impressive. The interface is intuitive as well.",4,1475,1,0,0
424,PROD_002,"The build quality is excellent, and it arrived much faster than expected. Highly recommended for daily use.",4,1163,1,0,0
425,PROD_010,"The build quality is excellent, and it arrived much faster than expected. Highly recommended for daily use.",4,1135,1,0,0
426,PROD_003,TOTAL WASTE OF MONEY. DO NOT BUY. FRAUD SELLER. BROKE IN ONE DAY. TERRIBLE.,5,13,0,0,1
427,PROD_001,"It's a decent product for the price. Not the best in class, but definitely reliable enough for basic tasks.",3,328,1,0,0
428,PROD_009,"I've been using this for a week now, and the battery life is impressive. The interface is intuitive as well.",3,889,1,0,0
429,PROD_000,"It's a decent product for the price. Not the best in class, but definitely reliable enough for basic tasks.",4,196,0,0,0
430,PROD_016,"Exactly as described. The packaging was secure, and the item works perfectly without any setup issues.",3,767,1,0,0
431,PROD_000,WOW WOW WOW. UNBELIEVABLE QUALITY. FIVE STARS. BEST BEST BEST.,5,1,0,1,1
432,PROD_017,"Exactly as described. The packaging was secure, and the item works perfectly without any setup issues.",2,1740,1,0,0
433,PROD_017,"Exactly as described. The packaging was secure, and the item works perfectly without any setup issues.",3,814,1,0,0
434,PROD_013,I am so happy with this purchase. It is the most beautiful thing I have ever seen in my life.,5,2,0,1,1
435,PROD_017,I am so happy with this purchase. It is the most beautiful thing I have ever seen in my life.,5,13,0,1,1
436,PROD_016,"A bit expensive compared to alternatives, but the performance justifies the cost. Solid choice.",3,577,1,0,0
437,PROD_014,"I've been using this for a week now, and the battery life is impressive. The interface is intuitive as well.",2,1732,1,0,0
438,PROD_011,"A bit expensive compared to alternatives, but the performance justifies the cost. Solid choice.",4,1823,1,0,0
439,PROD_014,I am so happy with this purchase. It is the most beautiful thing I have ever seen in my life.,5,11,1,0,1
440,PROD_019,"It's a decent product for the price. Not the best in class, but definitely reliable enough for basic tasks.",3,266,1,0,0
441,PROD_008,WOW WOW WOW. UNBELIEVABLE QUALITY. FIVE STARS. BEST BEST BEST.,5,10,0,1,1
442,PROD_011,"Exactly as described. The packaging was secure, and the item works perfectly without any setup issues.",4,1174,1,0,0
443,PROD_018,"The build quality is excellent, and it arrived much faster than expected. Highly recommended for daily use.",3,1468,1,0,0
444,PROD_012,"I've been using this for a week now, and the battery life is impressive. The interface is intuitive as well.",3,1025,1,0,0
445,PROD_003,"A bit expensive compared to alternatives, but the performance justifies the cost. Solid choice.",4,1711,1,0,0
446,PROD_012,TOTAL WASTE OF MONEY. DO NOT BUY. FRAUD SELLER. BROKE IN ONE DAY. TERRIBLE.,5,14,0,1,1
447,PROD_008,I am so happy with this purchase. It is the most beautiful thing I have ever seen in my life.,5,5,0,1,1
448,PROD_004,"A bit expensive compared to alternatives, but the performance justifies the cost. Solid choice.",3,1693,1,0,0
449,PROD_007,"I've been using this for a week now, and the battery life is impressive. The interface is intuitive as well.",4,1507,1,0,0
450,PROD_010,"The build quality is excellent, and it arrived much faster than expected. Highly recommended for daily use.",3,1650,1,0,0
451,PROD_012,"A bit expensive compared to alternatives, but the performance justifies the cost. Solid choice.",3,281,1,0,0
452,PROD_008,TOTAL WASTE OF MONEY. DO NOT BUY. FRAUD SELLER. BROKE IN ONE DAY. TERRIBLE.,5,13,0,1,1
453,PROD_010,WOW WOW WOW. UNBELIEVABLE QUALITY. FIVE STARS. BEST BEST BEST.,5,10,1,1,1
454,PROD_000,"A bit expensive compared to alternatives, but the performance justifies the cost. Solid choice.",4,174,1,0,0
455,PROD_019,"I've been using this for a week now, and the battery life is impressive. The interface is intuitive as well.",3,1098,1,0,0
456,PROD_012,"The build quality is excellent, and it arrived much faster than expected. Highly recommended for daily use.",4,952,1,0,0
457,PROD_000,BEST PRODUCT EVER!!! AMAZING QUALITY. BUY IT NOW YOU WONT REGRET IT!!!! BEST SELLER.,5,10,0,1,1
458,PROD_018,"The build quality is excellent, and it arrived much faster than expected. Highly recommended for daily use.",4,1040,1,0,0
459,PROD_003,BEST PRODUCT EVER!!! AMAZING QUALITY. BUY IT NOW YOU WONT REGRET IT!!!! BEST SELLER.,5,11,0,1,1
460,PROD_009,"Exactly as described. The packaging was secure, and the item works perfectly without any setup issues.",3,1052,1,0,0
461,PROD_002,"A bit expensive compared to alternatives, but the performance justifies the cost. Solid choice.",4,1312,1,0,0
462,PROD_014,Super excellence. Many good things. I like it very much. Very very very good quality.,5,1,0,1,1
463,PROD_002,"I've been using this for a week now, and the battery life is impressive. The interface is intuitive as well.",3,1013,1,0,0
464,PROD_014,"A bit expensive compared to alternatives, but the performance justifies the cost. Solid choice.",3,409,1,0,0
465,PROD_000,"The build quality is excellent, and it arrived much faster than expected. Highly recommended for daily use.",4,915,1,0,0
466,PROD_018,BEST PRODUCT EVER!!! AMAZING QUALITY. BUY IT NOW YOU WONT REGRET IT!!!! BEST SELLER.,5,10,0,1,1
467,PROD_011,"It's a decent product for the price. Not the best in class, but definitely reliable enough for basic tasks.",3,1207,1,0,0
468,PROD_015,WOW WOW WOW. UNBELIEVABLE QUALITY. FIVE STARS. BEST BEST BEST.,5,14,0,1,1
469,PROD_008,"It's a decent product for the price. Not the best in class, but definitely reliable enough for basic tasks.",3,1130,1,0,0
470,PROD_015,"Exactly as described. The packaging was secure, and the item works perfectly without any setup issues.",3,1787,1,0,0
471,PROD_001,"I've been using this for a week now, and the battery life is impressive. The interface is intuitive as well.",4,1698,1,0,0
472,PROD_004,"The build quality is excellent, and it arrived much faster than expected. Highly recommended for daily use.",4,1767,1,0,0
473,PROD_007,"It's a decent product for the price. Not the best in class, but definitely reliable enough for basic tasks.",5,950,1,0,0
474,PROD_014,TOTAL WASTE OF MONEY. DO NOT BUY. FRAUD SELLER. BROKE IN ONE DAY. TERRIBLE.,5,12,0,0,1
475,PROD_006,"A bit expensive compared to alternatives, but the performance justifies the cost. Solid choice.",4,1260,1,0,0
476,PROD_015,"A bit expensive compared to alternatives, but the performance justifies the cost. Solid choice.",4,1706,1,0,0
477,PROD_009,"The build quality is excellent, and it arrived much faster than expected. Highly recommended for daily use.",3,1513,0,0,0
478,PROD_012,"The build quality is excellent, and it arrived much faster than expected. Highly recommended for daily use.",4,1330,1,0,0
479,PROD_003,WOW WOW WOW. UNBELIEVABLE QUALITY. FIVE STARS. BEST BEST BEST.,5,3,0,1,1
480,PROD_001,"The build quality is excellent, and it arrived much faster than expected. Highly recommended for daily use.",4,1122,1,0,0
481,PROD_016,I am so happy with this purchase. It is the most beautiful thing I have ever seen in my life.,5,5,0,1,1
482,PROD_002,BEST PRODUCT EVER!!! AMAZING QUALITY. BUY IT NOW YOU WONT REGRET IT!!!! BEST SELLER.,5,9,0,1,1
483,PROD_001,"The build quality is excellent, and it arrived much faster than expected. Highly recommended for daily use.",4,418,0,0,0
484,PROD_010,"A bit expensive compared to alternatives, but the performance justifies the cost. Solid choice.",4,921,1,0,0
485,PROD_010,"A bit expensive compared to alternatives, but the performance justifies the cost. Solid choice.",3,946,1,0,0
486,PROD_005,"Exactly as described. The packaging was secure, and the item works perfectly without any setup issues.",5,1256,1,0,0
487,PROD_013,"The build quality is excellent, and it arrived much faster than expected. Highly recommended for daily use.",4,655,1,0,0
488,PROD_013,"It's a decent product for the price. Not the best in class, but definitely reliable enough for basic tasks.",4,1104,1,0,0
489,PROD_009,TOTAL WASTE OF MONEY. DO NOT BUY. FRAUD SELLER. BROKE IN ONE DAY. TERRIBLE.,5,14,0,0,1
490,PROD_016,WOW WOW WOW. UNBELIEVABLE QUALITY. FIVE STARS. BEST BEST BEST.,5,8,1,1,1
491,PROD_017,"A bit expensive compared to alternatives, but the performance justifies the cost. Solid choice.",3,1333,1,0,0
492,PROD_001,"A bit expensive compared to alternatives, but the performance justifies the cost. Solid choice.",3,1206,1,0,0
493,PROD_012,"Exactly as described. The packaging was secure, and the item works perfectly without any setup issues.",4,1902,1,0,0
494,PROD_010,"It's a decent product for the price. Not the best in class, but definitely reliable enough for basic tasks.",4,1670,1,0,0
495,PROD_001,WOW WOW WOW. UNBELIEVABLE QUALITY. FIVE STARS. BEST BEST BEST.,1,5,1,1,1
496,PROD_014,TOTAL WASTE OF MONEY. DO NOT BUY. FRAUD SELLER. BROKE IN ONE DAY. TERRIBLE.,5,12,0,1,1
497,PROD_009,"Exactly as described. The packaging was secure, and the item works perfectly without any setup issues.",3,733,1,0,0
498,PROD_005,WOW WOW WOW. UNBELIEVABLE QUALITY. FIVE STARS. BEST BEST BEST.,5,11,0,1,1
499,PROD_016,"It's a decent product for the price. Not the best in class, but definitely reliable enough for basic tasks.",3,855,1,0,0
